{"epoch": 2, "loss": 0.6993479430675507, "elbo": 0.6993479430675507, "triplets": 0.0, "fid": 0.32174134985071196, "val loss": 0.6879832446575165, "val elbo": 0.6879832446575165, "val triplets": 0.0, "val fid": 0.31694856250835873, "examples_gt": {"_type": "images/separated", "width": 256, "height": 256, "format": "png", "count": 8, "filenames": ["media/images/examples_gt_1_9369cdb75aa9fbd652d2.png", "media/images/examples_gt_1_f49e795274c151dd8328.png", "media/images/examples_gt_1_3e49d015292ba7b4c1f8.png", "media/images/examples_gt_1_07a2aa17b5d01821d09a.png", "media/images/examples_gt_1_0c9ccd1532183fbe28c3.png", "media/images/examples_gt_1_0e5b4771debd26be65d4.png", "media/images/examples_gt_1_4008daf231351cbc7a68.png", "media/images/examples_gt_1_444806e753a185a15e48.png"], "captions": ["shader 752 (1884a642d3f8a3ee6824719017c96918) at t=0.9743000268936157", "shader 96 (d4bfeef2f832e83b3bcce52d9a1d07c8) at t=3.2090001106262207", "shader 490 (c6b39092c4e6f677926845a6ff6940c4) at t=9.808500289916992", "shader 490 (c6b39092c4e6f677926845a6ff6940c4) at t=5.982600212097168", "shader 249 (227ec8ca48d5e3aab4811b163c143efe) at t=1.2330000400543213", "shader 268 (fdd3b13243b74908ae01cb47d29a1c67) at t=2.0316998958587646", "shader 268 (fdd3b13243b74908ae01cb47d29a1c67) at t=3.0843000411987305", "shader 268 (fdd3b13243b74908ae01cb47d29a1c67) at t=0.546999990940094"]}, "examples_recon": {"_type": "images/separated", "width": 256, "height": 256, "format": "png", "count": 8, "filenames": ["media/images/examples_recon_1_21166b14a223633c8212.png", "media/images/examples_recon_1_3fe5c56b968f089c6c46.png", "media/images/examples_recon_1_31b260d9eea8f661e1f8.png", "media/images/examples_recon_1_62098aee67751a9f816d.png", "media/images/examples_recon_1_5901ffde6abb7efd5a5d.png", "media/images/examples_recon_1_8a389ac884c178d1fffd.png", "media/images/examples_recon_1_aea909bdc106f420f14a.png", "media/images/examples_recon_1_3195da1a55c2db38c2c8.png"], "captions": ["shader 752 (1884a642d3f8a3ee6824719017c96918) at t=0.9743000268936157", "shader 96 (d4bfeef2f832e83b3bcce52d9a1d07c8) at t=3.2090001106262207", "shader 490 (c6b39092c4e6f677926845a6ff6940c4) at t=9.808500289916992", "shader 490 (c6b39092c4e6f677926845a6ff6940c4) at t=5.982600212097168", "shader 249 (227ec8ca48d5e3aab4811b163c143efe) at t=1.2330000400543213", "shader 268 (fdd3b13243b74908ae01cb47d29a1c67) at t=2.0316998958587646", "shader 268 (fdd3b13243b74908ae01cb47d29a1c67) at t=3.0843000411987305", "shader 268 (fdd3b13243b74908ae01cb47d29a1c67) at t=0.546999990940094"]}, "val_examples_gt": {"_type": "images/separated", "width": 256, "height": 256, "format": "png", "count": 8, "filenames": ["media/images/val_examples_gt_1_ec31ff6910f40f8bd715.png", "media/images/val_examples_gt_1_ae9e4085d7670a683720.png", "media/images/val_examples_gt_1_b86f6466635759e33314.png", "media/images/val_examples_gt_1_dc0aac0d2cc4671a02a7.png", "media/images/val_examples_gt_1_720cb08865010f1d17ee.png", "media/images/val_examples_gt_1_af58e9b8f47b6273bf68.png", "media/images/val_examples_gt_1_73a5a5dea6a02a578a92.png", "media/images/val_examples_gt_1_28f3dac63b36533a3f96.png"], "captions": ["shader 103 (d5571aa62302ac4c39635b7a361d72e0) at t=0.6520000100135803", "shader 31 (a2672e7d0357acc8c71bcbdd6d0d3aec) at t=3.0464999675750732", "shader 23 (92990400ea8848d6c8308b9c07d236f5) at t=6.253399848937988", "shader 52 (4242bdff83b4678822d2f32f6cc7cce2) at t=6.497499942779541", "shader 73 (589bb8b43cdb96b772dfe93ced08e7e1) at t=1.0875999927520752", "shader 32 (dee79f1cbfc36ee2b8a936ce576e624e) at t=4.244200229644775", "shader 58 (22977bd0515c97546998a4675612ce3a) at t=0.7936000227928162", "shader 75 (2240065b9574d27830815f9178723698) at t=5.8043999671936035"]}, "val_examples_recon": {"_type": "images/separated", "width": 256, "height": 256, "format": "png", "count": 8, "filenames": ["media/images/val_examples_recon_1_aaa516a58275e5b62373.png", "media/images/val_examples_recon_1_79e539740ff7766cfaff.png", "media/images/val_examples_recon_1_8d26ff235f3a717812ca.png", "media/images/val_examples_recon_1_c0fe7b2a6a4848b7829c.png", "media/images/val_examples_recon_1_7f5d74f2943eff5f4063.png", "media/images/val_examples_recon_1_9138a867aa34ffa15e95.png", "media/images/val_examples_recon_1_6bd2d0b5ff9d761fb1bd.png", "media/images/val_examples_recon_1_9ebc0dfa2e7867e8e212.png"], "captions": ["shader 103 (d5571aa62302ac4c39635b7a361d72e0) at t=0.6520000100135803", "shader 31 (a2672e7d0357acc8c71bcbdd6d0d3aec) at t=3.0464999675750732", "shader 23 (92990400ea8848d6c8308b9c07d236f5) at t=6.253399848937988", "shader 52 (4242bdff83b4678822d2f32f6cc7cce2) at t=6.497499942779541", "shader 73 (589bb8b43cdb96b772dfe93ced08e7e1) at t=1.0875999927520752", "shader 32 (dee79f1cbfc36ee2b8a936ce576e624e) at t=4.244200229644775", "shader 58 (22977bd0515c97546998a4675612ce3a) at t=0.7936000227928162", "shader 75 (2240065b9574d27830815f9178723698) at t=5.8043999671936035"]}, "video": {"_type": "video-file", "sha256": "893ddac1112a6ed874fafa16edd4cc14afcca4591edcad543e2499c37a6749b8", "size": 4467089, "path": "media/videos/video_2_893ddac1112a6ed874fa.gif", "width": 256, "height": 256, "caption": "video_example_image2_variation1"}, "_timestamp": 1684772010.789052, "_runtime": 390.0297269821167, "_step": 2, "test loss": 0.6836674958467484, "test elbo": 0.6836674958467484, "test triplets": 0.0, "test fid": 0.28209762312078923, "test_examples_gt": {"_type": "images/separated", "width": 256, "height": 256, "format": "png", "count": 8, "filenames": ["media/images/test_examples_gt_2_3ceae1e6268b2774a564.png", "media/images/test_examples_gt_2_aca033af5ad7a71b925f.png", "media/images/test_examples_gt_2_fd166d1a84328686fa70.png", "media/images/test_examples_gt_2_bce7f0d155605f0e83d6.png", "media/images/test_examples_gt_2_4ab8fe10d559f2367595.png", "media/images/test_examples_gt_2_4e7c5e3fa2347d809867.png", "media/images/test_examples_gt_2_5c965e41a1b478ab1214.png", "media/images/test_examples_gt_2_883941fb51c8e5d97d27.png"], "captions": ["shader 138 (5437bc144964350023bcdc8786859681) at t=9.65369987487793", "shader 109 (ab73939ac75b766a711bf6483652ed8d) at t=2.3724000453948975", "shader 189 (3bebeb7ed8ebc4297a49ebbfec53e6b2) at t=5.109499931335449", "shader 84 (94b846d9ef046e909f7187386e296fa4) at t=2.0023999214172363", "shader 91 (cdfa8afaaa5a2d75b671e5a8fa091625) at t=9.879599571228027", "shader 152 (d2c6025f13e737a45e78ba149e089aaf) at t=0.33230000734329224", "shader 43 (538045be33be55ad2ce63a1e86b50755) at t=9.434200286865234", "shader 164 (1f2c92bc8b1ba01310801c25cf2f1be9) at t=0.0"]}, "test_examples_recon": {"_type": "images/separated", "width": 256, "height": 256, "format": "png", "count": 8, "filenames": ["media/images/test_examples_recon_2_260e5142eb1eea25b733.png", "media/images/test_examples_recon_2_b18ec0e5d24c5e4e47c0.png", "media/images/test_examples_recon_2_471406020e9d5fca252f.png", "media/images/test_examples_recon_2_86ba70a5da8b4be4ad49.png", "media/images/test_examples_recon_2_cfc3482dad2a50e3f3a5.png", "media/images/test_examples_recon_2_aa2b0c62e4a46fd18587.png", "media/images/test_examples_recon_2_784f4ff328e9ddce21c8.png", "media/images/test_examples_recon_2_6bfa150ca6d624fafa93.png"], "captions": ["shader 138 (5437bc144964350023bcdc8786859681) at t=9.65369987487793", "shader 109 (ab73939ac75b766a711bf6483652ed8d) at t=2.3724000453948975", "shader 189 (3bebeb7ed8ebc4297a49ebbfec53e6b2) at t=5.109499931335449", "shader 84 (94b846d9ef046e909f7187386e296fa4) at t=2.0023999214172363", "shader 91 (cdfa8afaaa5a2d75b671e5a8fa091625) at t=9.879599571228027", "shader 152 (d2c6025f13e737a45e78ba149e089aaf) at t=0.33230000734329224", "shader 43 (538045be33be55ad2ce63a1e86b50755) at t=9.434200286865234", "shader 164 (1f2c92bc8b1ba01310801c25cf2f1be9) at t=0.0"]}, "unconditional_sampling": {"_type": "images/separated", "width": 256, "height": 256, "format": "png", "count": 8,